{
  "job_id": "a67321c8-ec76-4a6d-b191-65313aca1327",
  "status": "completed",
  "config_used": {
    "model_types": [
      "rnn",
      "qrnn"
    ],
    "comparison_mode": "pca",
    "feature_selector": "pca",
    "manual_overrides": {
      "rnn_epochs": 20,
      "qrnn_epochs": 10,
      "batch_size": 32,
      "rnn_batch_size": 32,
      "qrnn_batch_size": 16
    },
    "num_classes": 6,
    "class_names": [
      "1",
      "2",
      "3",
      "4",
      "5",
      "6"
    ],
    "qrnn_backend": "qiskit",
    "noise_enabled": true,
    "noise_level": 0.001,
    "mitigation_enabled": true,
    "mitigation_runs": 3
  },
  "timestamp": "2026-06-07T00:55:49.575468",
  "rnn": {
    "accuracy": 0.9459459459459459,
    "f1_score": 0.9428415428415428,
    "precision": 0.9543816543816543,
    "recall": 0.9459459459459459,
    "confusion_matrix": [
      [
        23,
        0,
        0,
        0,
        0,
        0
      ],
      [
        0,
        8,
        0,
        2,
        1,
        1
      ],
      [
        0,
        0,
        15,
        0,
        0,
        0
      ],
      [
        0,
        0,
        0,
        10,
        0,
        0
      ],
      [
        0,
        0,
        0,
        0,
        10,
        0
      ],
      [
        0,
        0,
        0,
        0,
        0,
        4
      ]
    ],
    "classification_report": {
      "1": {
        "precision": 1.0,
        "recall": 1.0,
        "f1-score": 1.0,
        "support": 23.0
      },
      "2": {
        "precision": 1.0,
        "recall": 0.6666666666666666,
        "f1-score": 0.8,
        "support": 12.0
      },
      "3": {
        "precision": 1.0,
        "recall": 1.0,
        "f1-score": 1.0,
        "support": 15.0
      },
      "4": {
        "precision": 0.8333333333333334,
        "recall": 1.0,
        "f1-score": 0.9090909090909091,
        "support": 10.0
      },
      "5": {
        "precision": 0.9090909090909091,
        "recall": 1.0,
        "f1-score": 0.9523809523809523,
        "support": 10.0
      },
      "6": {
        "precision": 0.8,
        "recall": 1.0,
        "f1-score": 0.8888888888888888,
        "support": 4.0
      },
      "accuracy": 0.9459459459459459,
      "macro avg": {
        "precision": 0.9237373737373736,
        "recall": 0.9444444444444443,
        "f1-score": 0.9250601250601251,
        "support": 74.0
      },
      "weighted avg": {
        "precision": 0.9543816543816543,
        "recall": 0.9459459459459459,
        "f1-score": 0.9428415428415428,
        "support": 74.0
      }
    },
    "num_classes": 6,
    "class_names": [
      "1",
      "2",
      "3",
      "4",
      "5",
      "6"
    ],
    "history": {
      "train_loss": [
        1.735151649456398,
        1.3074425734725652,
        0.9797141481848324,
        0.7656475522938897,
        0.6254690485842088,
        0.5178694173401477,
        0.46332957779659945,
        0.3817280492361854,
        0.3363897578389037,
        0.2989252585990756,
        0.26414390124526677,
        0.22666248784345738,
        0.21906971393846997,
        0.2045409440117724,
        0.17286366639184017,
        0.14551831594869202,
        0.1482141215427249,
        0.13939561031612696,
        0.10798295233763901,
        0.12085797576343311
      ],
      "val_loss": [
        1.632001519203186,
        1.348018775115142,
        1.015710637376115,
        0.7551691677119281,
        0.5801534773530187,
        0.45785187023717006,
        0.37965587264782674,
        0.3231002950185054,
        0.278697249454421,
        0.24741227481816266,
        0.2135824605419829,
        0.1939387019421603,
        0.17274861118277987,
        0.15950077691593686,
        0.14585086663027066,
        0.1332387452995455,
        0.12337661957418597,
        0.1131546269800212,
        0.10603178393196415,
        0.10053003116233929
      ],
      "train_acc": [
        0.30196078431372547,
        0.6,
        0.803921568627451,
        0.8117647058823529,
        0.9058823529411765,
        0.8980392156862745,
        0.9333333333333333,
        0.9333333333333333,
        0.9333333333333333,
        0.9450980392156862,
        0.9764705882352941,
        0.9725490196078431,
        0.9647058823529412,
        0.9686274509803922,
        0.9725490196078431,
        0.984313725490196,
        0.9764705882352941,
        0.984313725490196,
        0.9882352941176471,
        0.984313725490196
      ],
      "val_acc": [
        0.5675675675675675,
        0.8648648648648649,
        0.918918918918919,
        0.918918918918919,
        0.9459459459459459,
        0.972972972972973,
        0.972972972972973,
        0.972972972972973,
        0.972972972972973,
        0.972972972972973,
        1.0,
        1.0,
        1.0,
        1.0,
        1.0,
        1.0,
        1.0,
        1.0,
        1.0,
        1.0
      ]
    },
    "train_loss": 0.12085797576343311,
    "val_loss": 0.10053003116233929,
    "loss": 0.10053003116233929,
    "train_accuracy": 0.984313725490196,
    "val_accuracy": 1.0,
    "test_size": 74,
    "train_size": 255,
    "val_size": 37,
    "training_time_seconds": 0.5809311866760254,
    "training_time_formatted": "0.58s"
  },
  "qrnn": {
    "noisy": {
      "accuracy": 0.3918918918918919,
      "f1_score": 0.3596583596583597,
      "precision": 0.43258258258258253,
      "recall": 0.3918918918918919,
      "confusion_matrix": [
        [
          7,
          0,
          14,
          2,
          0,
          0
        ],
        [
          0,
          3,
          0,
          0,
          8,
          1
        ],
        [
          3,
          0,
          11,
          0,
          1,
          0
        ],
        [
          0,
          2,
          0,
          0,
          7,
          1
        ],
        [
          0,
          0,
          2,
          0,
          7,
          1
        ],
        [
          0,
          1,
          0,
          0,
          2,
          1
        ]
      ],
      "classification_report": {
        "1": {
          "precision": 0.7,
          "recall": 0.30434782608695654,
          "f1-score": 0.42424242424242425,
          "support": 23.0
        },
        "2": {
          "precision": 0.5,
          "recall": 0.25,
          "f1-score": 0.3333333333333333,
          "support": 12.0
        },
        "3": {
          "precision": 0.4074074074074074,
          "recall": 0.7333333333333333,
          "f1-score": 0.5238095238095238,
          "support": 15.0
        },
        "4": {
          "precision": 0.0,
          "recall": 0.0,
          "f1-score": 0.0,
          "support": 10.0
        },
        "5": {
          "precision": 0.28,
          "recall": 0.7,
          "f1-score": 0.4,
          "support": 10.0
        },
        "6": {
          "precision": 0.25,
          "recall": 0.25,
          "f1-score": 0.25,
          "support": 4.0
        },
        "accuracy": 0.3918918918918919,
        "macro avg": {
          "precision": 0.3562345679012346,
          "recall": 0.3729468599033816,
          "f1-score": 0.3218975468975469,
          "support": 74.0
        },
        "weighted avg": {
          "precision": 0.43258258258258253,
          "recall": 0.3918918918918919,
          "f1-score": 0.3596583596583597,
          "support": 74.0
        }
      },
      "num_classes": 6,
      "class_names": [
        "1",
        "2",
        "3",
        "4",
        "5",
        "6"
      ],