{
  "job_id": "c97883bb-61af-4977-9e98-6a28d1e787b9",
  "status": "completed",
  "config_used": {
    "model_types": [
      "rnn",
      "qrnn"
    ],
    "comparison_mode": "pca",
    "feature_selector": "pca",
    "manual_overrides": {
      "rnn_epochs": 20,
      "qrnn_epochs": 10,
      "batch_size": 32,
      "rnn_batch_size": 32,
      "qrnn_batch_size": 16
    },
    "num_classes": 6,
    "class_names": [
      "1",
      "2",
      "3",
      "4",
      "5",
      "6"
    ],
    "qrnn_backend": "qiskit",
    "noise_enabled": false,
    "noise_level": 0.0,
    "mitigation_enabled": false,
    "mitigation_runs": 1
  },
  "timestamp": "2026-06-07T00:46:03.771879",
  "rnn": {
    "accuracy": 0.9459459459459459,
    "f1_score": 0.9428415428415428,
    "precision": 0.9543816543816543,
    "recall": 0.9459459459459459,
    "confusion_matrix": [
      [
        23,
        0,
        0,
        0,
        0,
        0
      ],
      [
        0,
        8,
        0,
        2,
        1,
        1
      ],
      [
        0,
        0,
        15,
        0,
        0,
        0
      ],
      [
        0,
        0,
        0,
        10,
        0,
        0
      ],
      [
        0,
        0,
        0,
        0,
        10,
        0
      ],
      [
        0,
        0,
        0,
        0,
        0,
        4
      ]
    ],
    "classification_report": {
      "1": {
        "precision": 1.0,
        "recall": 1.0,
        "f1-score": 1.0,
        "support": 23.0
      },
      "2": {
        "precision": 1.0,
        "recall": 0.6666666666666666,
        "f1-score": 0.8,
        "support": 12.0
      },
      "3": {
        "precision": 1.0,
        "recall": 1.0,
        "f1-score": 1.0,
        "support": 15.0
      },
      "4": {
        "precision": 0.8333333333333334,
        "recall": 1.0,
        "f1-score": 0.9090909090909091,
        "support": 10.0
      },
      "5": {
        "precision": 0.9090909090909091,
        "recall": 1.0,
        "f1-score": 0.9523809523809523,
        "support": 10.0
      },
      "6": {
        "precision": 0.8,
        "recall": 1.0,
        "f1-score": 0.8888888888888888,
        "support": 4.0
      },
      "accuracy": 0.9459459459459459,
      "macro avg": {
        "precision": 0.9237373737373736,
        "recall": 0.9444444444444443,
        "f1-score": 0.9250601250601251,
        "support": 74.0
      },
      "weighted avg": {
        "precision": 0.9543816543816543,
        "recall": 0.9459459459459459,
        "f1-score": 0.9428415428415428,
        "support": 74.0
      }
    },
    "num_classes": 6,
    "class_names": [
      "1",
      "2",
      "3",
      "4",
      "5",
      "6"
    ],
    "history": {
      "train_loss": [
        1.7790741546481263,
        1.3591128171658984,
        1.0210891917640088,
        0.8007931898621952,
        0.6373958185607311,
        0.5611540913581848,
        0.46491197686569363,
        0.4426781933681638,
        0.3562964168249392,
        0.3397695187260123,
        0.3062895262942595,
        0.265318573923672,
        0.24195526844146206,
        0.22041358340020273,
        0.18177596716319813,
        0.2003157464312572,
        0.17757875989465152,
        0.13605446254505832,
        0.1356695468519248,
        0.1416233772448465
      ],
      "val_loss": [
        1.6800437295759045,
        1.4180949765282709,
        1.1066453714628477,
        0.840690161730792,
        0.6610165608895792,
        0.529997948859189,
        0.4363270732196602,
        0.3685500887600151,
        0.32848618159423004,
        0.2777597513553259,
        0.23715225969617432,
        0.20319163517372027,
        0.1784478210516878,
        0.16142209015182546,
        0.1486747560871614,
        0.13499024037171053,
        0.11935593973140458,
        0.1091063557243025,
        0.10309553891420364,
        0.09703575860004167
      ],
      "train_acc": [
        0.3333333333333333,
        0.5607843137254902,
        0.7372549019607844,
        0.8588235294117647,
        0.9058823529411765,
        0.8941176470588236,
        0.9098039215686274,
        0.9098039215686274,
        0.9411764705882353,
        0.9490196078431372,
        0.9372549019607843,
        0.9568627450980393,
        0.9450980392156862,
        0.9725490196078431,
        0.9725490196078431,
        0.9607843137254902,
        0.9647058823529412,
        0.9803921568627451,
        0.984313725490196,
        0.9725490196078431
      ],
      "val_acc": [
        0.4594594594594595,
        0.7027027027027027,
        0.8378378378378378,
        0.918918918918919,
        0.972972972972973,
        0.972972972972973,
        0.972972972972973,
        0.972972972972973,
        0.972972972972973,
        0.972972972972973,
        0.972972972972973,
        0.972972972972973,
        0.972972972972973,
        0.972972972972973,
        0.972972972972973,
        0.972972972972973,
        0.972972972972973,
        1.0,
        0.972972972972973,
        0.972972972972973
      ]
    },
    "train_loss": 0.1416233772448465,
    "val_loss": 0.09703575860004167,
    "loss": 0.09703575860004167,
    "train_accuracy": 0.9725490196078431,
    "val_accuracy": 0.972972972972973,
    "test_size": 74,
    "train_size": 255,
    "val_size": 37,
    "training_time_seconds": 6.275862216949463,
    "training_time_formatted": "6.28s"
  },
  "qrnn": {
    "clean": {
      "accuracy": 0.3108108108108108,
      "f1_score": 0.2996746746746746,
      "precision": 0.3948671360436067,
      "recall": 0.3108108108108108,
      "confusion_matrix": [
        [
          5,
          2,
          14,
          0,
          2,
          0
        ],
        [
          0,
          3,
          0,
          5,
          4,
          0
        ],
        [
          2,
          12,
          0,
          1,
          0,
          0
        ],
        [
          0,
          2,
          0,
          6,
          1,
          1
        ],
        [
          0,
          0,
          0,
          2,
          8,
          0
        ],
        [
          0,
          1,
          0,
          0,
          2,
          1
        ]
      ],
      "classification_report": {
        "1": {
          "precision": 0.7142857142857143,
          "recall": 0.21739130434782608,
          "f1-score": 0.3333333333333333,
          "support": 23.0
        },
        "2": {
          "precision": 0.15,
          "recall": 0.25,
          "f1-score": 0.1875,
          "support": 12.0
        },
        "3": {
          "precision": 0.0,
          "recall": 0.0,
          "f1-score": 0.0,
          "support": 15.0
        },
        "4": {
          "precision": 0.42857142857142855,
          "recall": 0.6,
          "f1-score": 0.5,
          "support": 10.0
        },
        "5": {
          "precision": 0.47058823529411764,
          "recall": 0.8,
          "f1-score": 0.5925925925925926,
          "support": 10.0
        },
        "6": {
          "precision": 0.5,
          "recall": 0.25,
          "f1-score": 0.3333333333333333,
          "support": 4.0
        },
        "accuracy": 0.3108108108108108,
        "macro avg": {
          "precision": 0.3772408963585434,
          "recall": 0.35289855072463766,
          "f1-score": 0.32445987654320985,
          "support": 74.0
        },
        "weighted avg": {
          "precision": 0.3948671360436067,
          "recall": 0.3108108108108108,
          "f1-score": 0.2996746746746746,
          "support": 74.0
        }
      },
      "num_classes": 6,
      "class_names": [
        "1",
        "2",
        "3",
        "4",
        "5",
        "6"
      ],