{
  "job_id": "1cb7f275-c52e-43cc-9e32-c118ef5113b5",
  "status": "completed",
  "config_used": {
    "model_types": [
      "rnn",
      "qrnn"
    ],
    "comparison_mode": "mi",
    "feature_selector": "mi",
    "manual_overrides": {
      "rnn_epochs": 30,
      "rnn_batch_size": 64,
      "qrnn_epochs": 15,
      "qrnn_batch_size": 16
    },
    "num_classes": 6,
    "class_names": [
      "1",
      "2",
      "3",
      "4",
      "5",
      "6"
    ],
    "qrnn_backend": "qiskit",
    "noise_enabled": false,
    "noise_level": 0.0,
    "mitigation_enabled": false,
    "mitigation_runs": 1
  },
  "timestamp": "2026-05-13T21:32:37.402087",
  "rnn": {
    "accuracy": 0.8108108108108109,
    "f1_score": 0.8005148005148005,
    "precision": 0.8114250614250614,
    "recall": 0.8108108108108109,
    "confusion_matrix": [
      [
        23,
        0,
        0,
        0,
        0,
        0
      ],
      [
        0,
        3,
        0,
        5,
        1,
        3
      ],
      [
        0,
        0,
        15,
        0,
        0,
        0
      ],
      [
        0,
        2,
        0,
        6,
        0,
        2
      ],
      [
        0,
        0,
        0,
        0,
        10,
        0
      ],
      [
        0,
        1,
        0,
        0,
        0,
        3
      ]
    ],
    "classification_report": {
      "1": {
        "precision": 1.0,
        "recall": 1.0,
        "f1-score": 1.0,
        "support": 23.0
      },
      "2": {
        "precision": 0.5,
        "recall": 0.25,
        "f1-score": 0.3333333333333333,
        "support": 12.0
      },
      "3": {
        "precision": 1.0,
        "recall": 1.0,
        "f1-score": 1.0,
        "support": 15.0
      },
      "4": {
        "precision": 0.5454545454545454,
        "recall": 0.6,
        "f1-score": 0.5714285714285714,
        "support": 10.0
      },
      "5": {
        "precision": 0.9090909090909091,
        "recall": 1.0,
        "f1-score": 0.9523809523809523,
        "support": 10.0
      },
      "6": {
        "precision": 0.375,
        "recall": 0.75,
        "f1-score": 0.5,
        "support": 4.0
      },
      "accuracy": 0.8108108108108109,
      "macro avg": {
        "precision": 0.7215909090909092,
        "recall": 0.7666666666666666,
        "f1-score": 0.7261904761904762,
        "support": 74.0
      },
      "weighted avg": {
        "precision": 0.8114250614250614,
        "recall": 0.8108108108108109,
        "f1-score": 0.8005148005148005,
        "support": 74.0
      }
    },
    "num_classes": 6,
    "class_names": [
      "1",
      "2",
      "3",
      "4",
      "5",
      "6"
    ],
    "history": {
      "train_loss": [
        1.9031049167408662,
        1.5238974898469215,
        1.2854978421155143,
        1.1040008189631443,
        0.9299015720685323,
        0.8833759251762839,
        0.8142372065899419,
        0.7798221279593075,
        0.7487886087567198,
        0.7321128849889718,
        0.7132112435266084,
        0.7209904815636429,
        0.692175004529018,
        0.6793482824867847,
        0.6707628455816531,
        0.6461468951374877,
        0.6462489855055715,
        0.653424466824999,
        0.6190357778586594,
        0.6563141771391326,
        0.6063060998916626,
        0.6128026083403942,
        0.5909498481189503,
        0.6330810953589047,
        0.616429816274082,
        0.6026902268914616,
        0.5886569518668979,
        0.5784202330252703,
        0.5891150979434743,
        0.5927040969624239
      ],
      "val_loss": [
        1.7503777742385864,
        1.6535022258758545,
        1.5148736238479614,
        1.358926773071289,
        1.2049130201339722,
        1.0687129497528076,
        0.966498851776123,
        0.8900430798530579,
        0.8377963900566101,
        0.7971222400665283,
        0.7679051160812378,
        0.7488710284233093,
        0.7382015585899353,
        0.7280901670455933,
        0.717714250087738,
        0.7087265849113464,
        0.7012822031974792,
        0.6960034370422363,
        0.6957477927207947,
        0.6984928250312805,
        0.6988961696624756,
        0.7015001773834229,
        0.6964835524559021,
        0.6921402215957642,
        0.6916994452476501,
        0.6830858588218689,
        0.6764349937438965,
        0.6677426099777222,
        0.6696935296058655,
        0.6721330285072327
      ],
      "train_acc": [
        0.1568627450980392,
        0.39215686274509803,
        0.6078431372549019,
        0.7372549019607844,
        0.7647058823529411,
        0.7607843137254902,
        0.796078431372549,
        0.7686274509803922,
        0.7843137254901961,
        0.7764705882352941,
        0.792156862745098,
        0.788235294117647,
        0.7647058823529411,
        0.7843137254901961,
        0.8,
        0.8196078431372549,
        0.796078431372549,
        0.803921568627451,
        0.807843137254902,
        0.7843137254901961,
        0.796078431372549,
        0.8,
        0.807843137254902,
        0.7725490196078432,
        0.788235294117647,
        0.8156862745098039,
        0.792156862745098,
        0.8196078431372549,
        0.803921568627451,
        0.8117647058823529
      ],
      "val_acc": [
        0.2702702702702703,
        0.4864864864864865,
        0.6756756756756757,
        0.7297297297297297,
        0.7567567567567568,
        0.7297297297297297,
        0.7297297297297297,
        0.7297297297297297,
        0.7297297297297297,
        0.7297297297297297,
        0.7297297297297297,
        0.7297297297297297,
        0.7297297297297297,
        0.7297297297297297,
        0.7297297297297297,
        0.7297297297297297,
        0.7297297297297297,
        0.7297297297297297,
        0.7297297297297297,
        0.7297297297297297,
        0.7297297297297297,
        0.7297297297297297,
        0.7297297297297297,
        0.7297297297297297,
        0.7297297297297297,
        0.7297297297297297,
        0.7297297297297297,
        0.7297297297297297,
        0.7297297297297297,
        0.7297297297297297
      ]
    },
    "train_loss": 0.5927040969624239,
    "val_loss": 0.6721330285072327,
    "loss": 0.6721330285072327,
    "train_accuracy": 0.8117647058823529,
    "val_accuracy": 0.7297297297297297,
    "test_size": 74,
    "train_size": 255,
    "val_size": 37
  },
  "qrnn": {
    "clean": {
      "accuracy": 0.28378378378378377,
      "f1_score": 0.22172544693553098,
      "precision": 0.22308294111363164,
      "recall": 0.28378378378378377,
      "confusion_matrix": [
        [
          4,
          0,
          17,
          2,
          0,
          0
        ],
        [
          0,
          8,
          3,
          0,
          0,
          1
        ],
        [
          0,
          6,
          9,
          0,
          0,
          0
        ],
        [
          0,
          8,
          1,
          0,
          1,
          0
        ],
        [
          7,
          0,
          2,
          0,
          0,
          1
        ],
        [
          0,
          1,
          2,
          0,
          1,
          0
        ]
      ],
      "classification_report": {
        "1": {
          "precision": 0.36363636363636365,
          "recall": 0.17391304347826086,
          "f1-score": 0.23529411764705882,
          "support": 23.0
        },
        "2": {
          "precision": 0.34782608695652173,
          "recall": 0.6666666666666666,
          "f1-score": 0.45714285714285713,
          "support": 12.0
        },
        "3": {
          "precision": 0.2647058823529412,
          "recall": 0.6,
          "f1-score": 0.3673469387755102,
          "support": 15.0
        },
        "4": {
          "precision": 0.0,
          "recall": 0.0,
          "f1-score": 0.0,
          "support": 10.0
        },
        "5": {
          "precision": 0.0,
          "recall": 0.0,
          "f1-score": 0.0,