{
  "job_id": "49b8cbe7-0f68-4997-955b-4fdb7ff3d328",
  "status": "completed",
  "config_used": {
    "model_types": [
      "rnn",
      "qrnn"
    ],
    "comparison_mode": "pca",
    "feature_selector": "pca",
    "manual_overrides": {
      "rnn_epochs": 30,
      "rnn_batch_size": 64,
      "qrnn_epochs": 15,
      "qrnn_batch_size": 16
    },
    "num_classes": 6,
    "class_names": [
      "1",
      "2",
      "3",
      "4",
      "5",
      "6"
    ],
    "qrnn_backend": "qiskit",
    "noise_enabled": false,
    "noise_level": 0.0,
    "mitigation_enabled": false,
    "mitigation_runs": 1
  },
  "timestamp": "2026-05-13T20:17:06.027055",
  "rnn": {
    "accuracy": 0.9324324324324325,
    "f1_score": 0.9305104847833484,
    "precision": 0.9457191457191458,
    "recall": 0.9324324324324325,
    "confusion_matrix": [
      [
        23,
        0,
        0,
        0,
        0,
        0
      ],
      [
        0,
        8,
        0,
        2,
        1,
        1
      ],
      [
        0,
        0,
        14,
        1,
        0,
        0
      ],
      [
        0,
        0,
        0,
        10,
        0,
        0
      ],
      [
        0,
        0,
        0,
        0,
        10,
        0
      ],
      [
        0,
        0,
        0,
        0,
        0,
        4
      ]
    ],
    "classification_report": {
      "1": {
        "precision": 1.0,
        "recall": 1.0,
        "f1-score": 1.0,
        "support": 23.0
      },
      "2": {
        "precision": 1.0,
        "recall": 0.6666666666666666,
        "f1-score": 0.8,
        "support": 12.0
      },
      "3": {
        "precision": 1.0,
        "recall": 0.9333333333333333,
        "f1-score": 0.9655172413793104,
        "support": 15.0
      },
      "4": {
        "precision": 0.7692307692307693,
        "recall": 1.0,
        "f1-score": 0.8695652173913043,
        "support": 10.0
      },
      "5": {
        "precision": 0.9090909090909091,
        "recall": 1.0,
        "f1-score": 0.9523809523809523,
        "support": 10.0
      },
      "6": {
        "precision": 0.8,
        "recall": 1.0,
        "f1-score": 0.8888888888888888,
        "support": 4.0
      },
      "accuracy": 0.9324324324324325,
      "macro avg": {
        "precision": 0.913053613053613,
        "recall": 0.9333333333333332,
        "f1-score": 0.9127253833400758,
        "support": 74.0
      },
      "weighted avg": {
        "precision": 0.9457191457191458,
        "recall": 0.9324324324324325,
        "f1-score": 0.9305104847833484,
        "support": 74.0
      }
    },
    "num_classes": 6,
    "class_names": [
      "1",
      "2",
      "3",
      "4",
      "5",
      "6"
    ],
    "history": {
      "train_loss": [
        1.9853859312394087,
        1.6282572891197953,
        1.3099096653508204,
        1.1368028883840524,
        0.9346779633970822,
        0.8764388334517386,
        0.757523311586941,
        0.6274699998836891,
        0.5731218957433514,
        0.5175312820602865,
        0.4593039228635676,
        0.43113794396905336,
        0.35694634423536414,
        0.33785171941214914,
        0.32936670008827656,
        0.27802774742537856,
        0.25625714414259965,
        0.2607152522778979,
        0.22788182210688498,
        0.21672968274238064,
        0.20851910184411443,
        0.234623086569356,
        0.20175123208878087,
        0.1793197000727934,
        0.16533054913960252,
        0.14842207802861346,
        0.1524226079968845,
        0.13908646054127638,
        0.13492837624222626,
        0.11681402971347173
      ],
      "val_loss": [
        1.730395793914795,
        1.6309316158294678,
        1.491316556930542,
        1.3173078298568726,
        1.1339952945709229,
        0.9588775634765625,
        0.8130039572715759,
        0.6863905787467957,
        0.5868537425994873,
        0.5025876760482788,
        0.4364602565765381,
        0.3857048749923706,
        0.34438610076904297,
        0.3102208077907562,
        0.27956506609916687,
        0.2545120120048523,
        0.23424993455410004,
        0.21420495212078094,
        0.19820284843444824,
        0.183953657746315,
        0.17279161512851715,
        0.16165265440940857,
        0.15178418159484863,
        0.1444348394870758,
        0.13873718678951263,
        0.13149991631507874,
        0.12229907512664795,
        0.11601459234952927,
        0.11289072781801224,
        0.10910756886005402
      ],
      "train_acc": [
        0.1843137254901961,
        0.34509803921568627,
        0.5490196078431373,
        0.6784313725490196,
        0.7607843137254902,
        0.807843137254902,
        0.8705882352941177,
        0.8901960784313725,
        0.9019607843137255,
        0.9098039215686274,
        0.9294117647058824,
        0.9294117647058824,
        0.9294117647058824,
        0.9450980392156862,
        0.9529411764705882,
        0.9529411764705882,
        0.9686274509803922,
        0.9529411764705882,
        0.9686274509803922,
        0.9607843137254902,
        0.9803921568627451,
        0.9490196078431372,
        0.9647058823529412,
        0.9725490196078431,
        0.984313725490196,
        0.9803921568627451,
        0.9725490196078431,
        0.9725490196078431,
        0.9725490196078431,
        0.9882352941176471
      ],
      "val_acc": [
        0.40540540540540543,
        0.5945945945945946,
        0.6756756756756757,
        0.7837837837837838,
        0.8648648648648649,
        0.918918918918919,
        0.918918918918919,
        0.918918918918919,
        0.918918918918919,
        0.9459459459459459,
        0.9459459459459459,
        0.9459459459459459,
        0.9459459459459459,
        0.9459459459459459,
        0.9459459459459459,
        0.9459459459459459,
        0.9459459459459459,
        0.9459459459459459,
        0.9459459459459459,
        0.9459459459459459,
        0.9459459459459459,
        0.9459459459459459,
        0.9459459459459459,
        0.9459459459459459,
        0.9459459459459459,
        0.9459459459459459,
        0.9459459459459459,
        0.9459459459459459,
        0.972972972972973,
        0.972972972972973
      ]
    },
    "train_loss": 0.11681402971347173,
    "val_loss": 0.10910756886005402,
    "loss": 0.10910756886005402,
    "train_accuracy": 0.9882352941176471,
    "val_accuracy": 0.972972972972973,
    "test_size": 74,
    "train_size": 255,
    "val_size": 37
  },
  "qrnn": {
    "clean": {
      "accuracy": 0.5,
      "f1_score": 0.4697385355280092,
      "precision": 0.4843843843843844,
      "recall": 0.5,
      "confusion_matrix": [
        [
          13,
          3,
          7,
          0,
          0,
          0
        ],
        [
          0,
          6,
          0,
          5,
          0,
          1
        ],
        [
          2,
          0,
          11,
          0,
          2,
          0
        ],
        [
          0,
          3,
          0,
          7,
          0,
          0
        ],
        [
          0,
          0,
          9,
          1,
          0,
          0
        ],
        [
          0,
          3,
          0,
          1,
          0,
          0
        ]
      ],
      "classification_report": {
        "1": {
          "precision": 0.8666666666666667,
          "recall": 0.5652173913043478,
          "f1-score": 0.6842105263157895,
          "support": 23.0
        },
        "2": {
          "precision": 0.4,
          "recall": 0.5,
          "f1-score": 0.4444444444444444,
          "support": 12.0
        },
        "3": {
          "precision": 0.4074074074074074,
          "recall": 0.7333333333333333,
          "f1-score": 0.5238095238095238,
          "support": 15.0
        },
        "4": {
          "precision": 0.5,
          "recall": 0.7,
          "f1-score": 0.5833333333333334,
          "support": 10.0
        },
        "5": {
          "precision": 0.0,