{
  "job_id": "cb96c72d-54d3-4c68-a6a3-1613d26a6de4",
  "status": "completed",
  "config_used": {
    "model_types": [
      "rnn",
      "qrnn"
    ],
    "comparison_mode": "pca",
    "feature_selector": "pca",
    "manual_overrides": {
      "rnn_epochs": 30,
      "rnn_batch_size": 64,
      "qrnn_epochs": 15,
      "qrnn_batch_size": 16
    },
    "num_classes": 6,
    "class_names": [
      "1",
      "2",
      "3",
      "4",
      "5",
      "6"
    ],
    "qrnn_backend": "qiskit",
    "noise_enabled": false,
    "noise_level": 0.0,
    "mitigation_enabled": false,
    "mitigation_runs": 1
  },
  "timestamp": "2026-05-13T19:57:41.975658",
  "rnn": {
    "accuracy": 0.918918918918919,
    "f1_score": 0.9177535720264356,
    "precision": 0.9354816354816354,
    "recall": 0.918918918918919,
    "confusion_matrix": [
      [
        22,
        0,
        0,
        0,
        1,
        0
      ],
      [
        0,
        8,
        0,
        2,
        1,
        1
      ],
      [
        0,
        0,
        14,
        1,
        0,
        0
      ],
      [
        0,
        0,
        0,
        10,
        0,
        0
      ],
      [
        0,
        0,
        0,
        0,
        10,
        0
      ],
      [
        0,
        0,
        0,
        0,
        0,
        4
      ]
    ],
    "classification_report": {
      "1": {
        "precision": 1.0,
        "recall": 0.9565217391304348,
        "f1-score": 0.9777777777777777,
        "support": 23.0
      },
      "2": {
        "precision": 1.0,
        "recall": 0.6666666666666666,
        "f1-score": 0.8,
        "support": 12.0
      },
      "3": {
        "precision": 1.0,
        "recall": 0.9333333333333333,
        "f1-score": 0.9655172413793104,
        "support": 15.0
      },
      "4": {
        "precision": 0.7692307692307693,
        "recall": 1.0,
        "f1-score": 0.8695652173913043,
        "support": 10.0
      },
      "5": {
        "precision": 0.8333333333333334,
        "recall": 1.0,
        "f1-score": 0.9090909090909091,
        "support": 10.0
      },
      "6": {
        "precision": 0.8,
        "recall": 1.0,
        "f1-score": 0.8888888888888888,
        "support": 4.0
      },
      "accuracy": 0.918918918918919,
      "macro avg": {
        "precision": 0.9004273504273503,
        "recall": 0.9260869565217392,
        "f1-score": 0.901806672421365,
        "support": 74.0
      },
      "weighted avg": {
        "precision": 0.9354816354816354,
        "recall": 0.918918918918919,
        "f1-score": 0.9177535720264356,
        "support": 74.0
      }
    },
    "num_classes": 6,
    "class_names": [
      "1",
      "2",
      "3",
      "4",
      "5",
      "6"
    ],
    "history": {
      "train_loss": [
        1.8605092829348995,
        1.5482731454512653,
        1.2854200096691355,
        1.130643066705442,
        0.9797343396673015,
        0.8686203620013069,
        0.771885497897279,
        0.6668067441267126,
        0.6321836057831259,
        0.5619896601228153,
        0.4921220332968469,
        0.4623127223229876,
        0.41679973321802477,
        0.3395743676260406,
        0.3425815148680818,
        0.3125477545401629,
        0.30581189242063783,
        0.26791148641530205,
        0.23302230180478564,
        0.25320342200643875,
        0.23267642101820776,
        0.19770498784149396,
        0.21117597152205075,
        0.1799306520059997,
        0.1652595437040516,
        0.14940534672316383,
        0.14075952026189542,
        0.14244685126285928,
        0.14259456068861717,
        0.1335998736468016
      ],
      "val_loss": [
        1.7558335065841675,
        1.6579205989837646,
        1.5246113538742065,
        1.361325740814209,
        1.181261420249939,
        1.0001697540283203,
        0.8465517163276672,
        0.71467524766922,
        0.608346164226532,
        0.524249792098999,
        0.46202319860458374,
        0.4120529890060425,
        0.36995619535446167,
        0.33624324202537537,
        0.3062329888343811,
        0.28140202164649963,
        0.26271358132362366,
        0.24512748420238495,
        0.23270319402217865,
        0.2188596874475479,
        0.20751351118087769,
        0.19386492669582367,
        0.18127231299877167,
        0.17332500219345093,
        0.16488711535930634,
        0.15657232701778412,
        0.14992885291576385,
        0.1450500339269638,
        0.13836507499217987,
        0.1314142644405365
      ],
      "train_acc": [
        0.2235294117647059,
        0.42745098039215684,
        0.596078431372549,
        0.7333333333333333,
        0.788235294117647,
        0.8431372549019608,
        0.8705882352941177,
        0.8980392156862745,
        0.9058823529411765,
        0.9137254901960784,
        0.9254901960784314,
        0.9372549019607843,
        0.9294117647058824,
        0.9529411764705882,
        0.9411764705882353,
        0.9529411764705882,
        0.9607843137254902,
        0.9607843137254902,
        0.9725490196078431,
        0.9647058823529412,
        0.9490196078431372,
        0.9764705882352941,
        0.9568627450980393,
        0.9725490196078431,
        0.9764705882352941,
        0.9803921568627451,
        0.9803921568627451,
        0.9803921568627451,
        0.9803921568627451,
        0.9803921568627451
      ],
      "val_acc": [
        0.2702702702702703,
        0.6216216216216216,
        0.7297297297297297,
        0.8378378378378378,
        0.8648648648648649,
        0.918918918918919,
        0.9459459459459459,
        0.972972972972973,
        0.972972972972973,
        0.972972972972973,
        0.972972972972973,
        0.972972972972973,
        0.972972972972973,
        0.972972972972973,
        0.972972972972973,
        0.972972972972973,
        0.972972972972973,
        0.972972972972973,
        0.972972972972973,
        0.972972972972973,
        0.972972972972973,
        0.972972972972973,
        0.972972972972973,
        0.972972972972973,
        0.972972972972973,
        0.972972972972973,
        0.972972972972973,
        0.972972972972973,
        0.972972972972973,
        0.972972972972973
      ]
    },
    "train_loss": 0.1335998736468016,
    "val_loss": 0.1314142644405365,
    "loss": 0.1314142644405365,
    "train_accuracy": 0.9803921568627451,
    "val_accuracy": 0.972972972972973,
    "test_size": 74,
    "train_size": 255,
    "val_size": 37
  },
  "qrnn": {
    "clean": {
      "accuracy": 0.47297297297297297,
      "f1_score": 0.4571633894535744,
      "precision": 0.522027027027027,
      "recall": 0.47297297297297297,
      "confusion_matrix": [
        [
          14,
          5,
          1,
          2,
          1,
          0
        ],
        [
          0,
          6,
          0,
          5,
          1,
          0
        ],
        [
          0,
          8,
          1,
          2,
          4,
          0
        ],
        [
          0,
          3,
          0,
          6,
          1,
          0
        ],
        [
          0,
          0,
          2,
          0,
          8,
          0
        ],
        [
          0,
          3,
          0,
          0,
          1,
          0
        ]
      ],
      "classification_report": {
        "1": {
          "precision": 1.0,
          "recall": 0.6086956521739131,
          "f1-score": 0.7567567567567568,
          "support": 23.0
        },
        "2": {
          "precision": 0.24,
          "recall": 0.5,
          "f1-score": 0.32432432432432434,
          "support": 12.0
        },
        "3": {
          "precision": 0.25,
          "recall": 0.06666666666666667,
          "f1-score": 0.10526315789473684,
          "support": 15.0
        },
        "4": {
          "precision": 0.4,
          "recall": 0.6,
          "f1-score": 0.48,
          "support": 10.0
        },
        "5": {
          "precision": 0.5,
          "recall": 0.8,