{
  "job_id": "e579c7d3-8398-4621-9f67-c82570b4662b",
  "status": "completed",
  "config_used": {
    "model_types": [
      "rnn",
      "qrnn"
    ],
    "comparison_mode": "mi",
    "feature_selector": "mi",
    "manual_overrides": {
      "rnn_epochs": 30,
      "rnn_batch_size": 64,
      "qrnn_epochs": 15,
      "qrnn_batch_size": 32
    },
    "num_classes": 6,
    "class_names": [
      "1",
      "2",
      "3",
      "4",
      "5",
      "6"
    ],
    "qrnn_backend": "pennylane",
    "noise_enabled": true,
    "noise_level": 0.01,
    "mitigation_enabled": true,
    "mitigation_runs": 3
  },
  "timestamp": "2026-05-13T19:41:59.409480",
  "rnn": {
    "accuracy": 0.8108108108108109,
    "f1_score": 0.8005148005148005,
    "precision": 0.8114250614250614,
    "recall": 0.8108108108108109,
    "confusion_matrix": [
      [
        23,
        0,
        0,
        0,
        0,
        0
      ],
      [
        0,
        3,
        0,
        5,
        1,
        3
      ],
      [
        0,
        0,
        15,
        0,
        0,
        0
      ],
      [
        0,
        2,
        0,
        6,
        0,
        2
      ],
      [
        0,
        0,
        0,
        0,
        10,
        0
      ],
      [
        0,
        1,
        0,
        0,
        0,
        3
      ]
    ],
    "classification_report": {
      "1": {
        "precision": 1.0,
        "recall": 1.0,
        "f1-score": 1.0,
        "support": 23.0
      },
      "2": {
        "precision": 0.5,
        "recall": 0.25,
        "f1-score": 0.3333333333333333,
        "support": 12.0
      },
      "3": {
        "precision": 1.0,
        "recall": 1.0,
        "f1-score": 1.0,
        "support": 15.0
      },
      "4": {
        "precision": 0.5454545454545454,
        "recall": 0.6,
        "f1-score": 0.5714285714285714,
        "support": 10.0
      },
      "5": {
        "precision": 0.9090909090909091,
        "recall": 1.0,
        "f1-score": 0.9523809523809523,
        "support": 10.0
      },
      "6": {
        "precision": 0.375,
        "recall": 0.75,
        "f1-score": 0.5,
        "support": 4.0
      },
      "accuracy": 0.8108108108108109,
      "macro avg": {
        "precision": 0.7215909090909092,
        "recall": 0.7666666666666666,
        "f1-score": 0.7261904761904762,
        "support": 74.0
      },
      "weighted avg": {
        "precision": 0.8114250614250614,
        "recall": 0.8108108108108109,
        "f1-score": 0.8005148005148005,
        "support": 74.0
      }
    },
    "num_classes": 6,
    "class_names": [
      "1",
      "2",
      "3",
      "4",
      "5",
      "6"
    ],
    "history": {
      "train_loss": [
        1.9252077401853076,
        1.4950779265048457,
        1.1761715290593167,
        1.0192132940479353,
        0.9411075440107607,
        0.8523730308401818,
        0.8319773746471779,
        0.7953561200815089,
        0.7451875013463637,
        0.7065319858345331,
        0.7225082869623222,
        0.7204940459307503,
        0.6653828520400852,
        0.7047566547113306,
        0.6604386467559665,
        0.6274574368607764,
        0.6578116816632887,
        0.6353742050189598,
        0.6465770080977795,
        0.639889610748665,
        0.6235384179096596,
        0.6569889225211798,
        0.617436918557859,
        0.6282176104246401,
        0.6225754904980753,
        0.6238645490478066,
        0.5958994624661464,
        0.6007778163049735,
        0.5941724926817651,
        0.6061466822437211
      ],
      "val_loss": [
        1.7882686853408813,
        1.6956287622451782,
        1.5524927377700806,
        1.374899983406067,
        1.1939871311187744,
        1.040576457977295,
        0.9340970516204834,
        0.8613768219947815,
        0.8161850571632385,
        0.7873407602310181,
        0.7717576026916504,
        0.7587306499481201,
        0.7444735169410706,
        0.7393695116043091,
        0.7331885099411011,
        0.7299619317054749,
        0.7230498194694519,
        0.7221641540527344,
        0.7177936434745789,
        0.7160606384277344,
        0.7124337553977966,
        0.7014817595481873,
        0.6942680478096008,
        0.6895709037780762,
        0.6891294717788696,
        0.6879798173904419,
        0.6916289925575256,
        0.6909387707710266,
        0.6918628215789795,
        0.6877378821372986
      ],
      "train_acc": [
        0.20784313725490197,
        0.47058823529411764,
        0.7215686274509804,
        0.7490196078431373,
        0.7607843137254902,
        0.8,
        0.7607843137254902,
        0.7568627450980392,
        0.803921568627451,
        0.792156862745098,
        0.792156862745098,
        0.7764705882352941,
        0.807843137254902,
        0.8117647058823529,
        0.796078431372549,
        0.803921568627451,
        0.807843137254902,
        0.807843137254902,
        0.7843137254901961,
        0.803921568627451,
        0.8,
        0.7803921568627451,
        0.796078431372549,
        0.7725490196078432,
        0.7764705882352941,
        0.788235294117647,
        0.788235294117647,
        0.8117647058823529,
        0.803921568627451,
        0.7764705882352941
      ],
      "val_acc": [
        0.2972972972972973,
        0.3783783783783784,
        0.7297297297297297,
        0.7297297297297297,
        0.7297297297297297,
        0.7297297297297297,
        0.7297297297297297,
        0.7297297297297297,
        0.7297297297297297,
        0.7297297297297297,
        0.7297297297297297,
        0.7297297297297297,
        0.7297297297297297,
        0.7297297297297297,
        0.7297297297297297,
        0.7297297297297297,
        0.7297297297297297,
        0.7297297297297297,
        0.7297297297297297,
        0.7297297297297297,
        0.7297297297297297,
        0.7297297297297297,
        0.7297297297297297,
        0.7297297297297297,
        0.7297297297297297,
        0.7297297297297297,
        0.7297297297297297,
        0.7297297297297297,
        0.7297297297297297,
        0.7297297297297297
      ]
    },
    "train_loss": 0.6061466822437211,
    "val_loss": 0.6877378821372986,
    "loss": 0.6877378821372986,
    "train_accuracy": 0.7764705882352941,
    "val_accuracy": 0.7297297297297297,
    "test_size": 74,
    "train_size": 255,
    "val_size": 37
  },
  "qrnn": {
    "noisy": {
      "accuracy": 0.4189189189189189,
      "f1_score": 0.4204768678452888,
      "precision": 0.5513167013167013,
      "recall": 0.4189189189189189,
      "confusion_matrix": [
        [
          12,
          4,
          4,
          2,
          0,
          1
        ],
        [
          0,
          0,
          1,
          8,
          0,
          3
        ],
        [
          3,
          0,
          8,
          2,
          0,
          2
        ],
        [
          0,
          0,
          0,
          7,
          0,
          3
        ],
        [
          0,
          0,
          0,
          7,
          2,
          1
        ],
        [
          0,
          0,
          0,
          2,
          0,
          2
        ]
      ],
      "classification_report": {
        "1": {
          "precision": 0.8,
          "recall": 0.5217391304347826,
          "f1-score": 0.631578947368421,
          "support": 23.0
        },
        "2": {
          "precision": 0.0,
          "recall": 0.0,
          "f1-score": 0.0,
          "support": 12.0
        },
        "3": {
          "precision": 0.6153846153846154,
          "recall": 0.5333333333333333,
          "f1-score": 0.5714285714285714,
          "support": 15.0
        },
        "4": {
          "precision": 0.25,
          "recall": 0.7,
          "f1-score": 0.3684210526315789,
          "support": 10.0
        },
        "5": {
          "precision": 1.0,
          "recall": 0.2,
          "f1-score": 0.3333333333333333,
          "support": 10.0
        },